Frequency (Hz),Amplitude (dB¦ÌV)
150000.0,19.53430609000001
169900.0,16.791948186666666
189800.0,15.438330563333327
209700.0,13.895731333333337
229600.0,13.654083229999998
249500.0,14.079280576666667
269400.0,14.813438099999997
289300.0,14.104519376666664
309200.0,12.781577529999995
329100.0,13.052657800000004
349000.0,12.826821859999995
368900.0,11.7587125
388800.0,12.001395626666667
408700.0,12.119446070000008
428600.0,12.027267733333332
448500.0,10.948085793333332
468400.0,12.926178463333335
488300.0,11.418471496666672
508200.0,9.37485808666667
528100.0,12.13966242666667
548000.0,11.000470703333331
567900.0,11.339179699999994
587800.0,10.501107500000007
607700.0,8.961356866666666
627600.0,9.98894853666667
647500.0,8.492370333333332
667400.0,10.934573563333334
687300.0,8.919692196666666
707200.0,11.235053699999998
727100.0,9.41038816666667
747000.0,9.481616930000001
766900.0,8.97742995333333
786800.0,9.900958453333336
806700.0,9.170115370000003
826600.0,8.670097559999995
846500.0,7.64876938
866400.0,8.51331529666667
886300.0,9.425033299999997
906200.0,8.4643399
926100.0,8.38839288666667
946000.0,6.374097690000001
965900.0,7.108472959999998
985800.0,5.966307819999997
1005700.0,6.886060323333336
1025600.0,5.7247787333333315
1045500.0,6.79008839666667
1065400.0,5.5187733533333345
1085300.0,6.344885970000002
1105200.0,5.049611633333334
1125100.0,8.356261403333331
1145000.0,5.675684829999996
1164900.0,3.897838583333333
1184800.0,3.054598979999999
1204700.0,4.443410980000004
1224600.0,4.372605383333333
1244500.0,3.3061825600000003
1264400.0,4.509569813333334
1284300.0,2.9450774833333324
1304200.0,2.424756873333334
1324100.0,4.0460781899999985
1344000.0,2.2583307933333345
1363900.0,1.8842526333333338
1383800.0,3.034260273333334
1403700.0,0.6315681266666666
1423600.0,2.8966318699999998
1443500.0,3.209087363333333
1463400.0,0.8133987366666665
1483300.0,1.4571515000000004
1503200.0,1.2993527800000004
1523100.0,0.39200359000000007
1543000.0,-0.15527650666666684
1562900.0,0.5522501666666666
1582800.0,2.5004081533333338
1602700.0,1.483224220000001
1622600.0,1.778227466666667
1642500.0,0.5139617866666665
1662400.0,-0.5958221600000009
1682300.0,1.0766680133333333
1702200.0,2.9539710866666646
1722100.0,2.361973836666668
1742000.0,1.8147579999999992
1761900.0,0.3882499733333333
1781800.0,-0.4225395400000001
1801700.0,1.8037758066666667
1821600.0,-1.2141828133333334
1841500.0,1.749743136666666
1861400.0,0.47131854333333323
1881300.0,0.30948202666666674
1901200.0,0.7714688
1921100.0,0.9289476533333335
1941000.0,-0.8906735733333337
1960900.0,1.1387021
1980800.0,-0.08369728333333329
2000700.0,0.13730697333333358
2020600.0,-2.18608499
2040500.0,0.4203493300000003
2060400.0,-1.2203809400000007
2080300.0,-0.3974115899999996
2100200.0,-2.0838945999999994
2120100.0,-0.8601468766666659
2140000.0,-1.805292556666666
2159900.0,-2.527357506666667
2179800.0,-0.9822197000000001
2199700.0,-0.032598890000000075
2219600.0,-1.5133329166666671
2239500.0,-0.9349129266666677
2259400.0,-0.350333683333333
2279300.0,0.6991828833333333
2299200.0,-1.5288531133333343
2319100.0,-1.3952563
2339000.0,-1.5605731000000003
2358900.0,-1.6580869466666681
2378800.0,-0.9265444999999995
2398700.0,-0.3322527499999995
2418600.0,1.10380174
2438500.0,-1.9031753566666663
2458400.0,1.743665070000001
2478300.0,0.059493473333333345
2498200.0,-0.15787532999999918
2518100.0,-1.0794421066666666
2538000.0,-1.7716842966666684
2557900.0,-0.7790753933333326
2577800.0,-0.7983256533333337
2597700.0,-1.2737513500000002
2617600.0,1.1696838000000003
2637500.0,-1.223945926666667
2657400.0,-1.428548196666666
2677300.0,-0.3387301566666663
2697200.0,-1.3380788366666683
2717100.0,-1.3367665866666671
2737000.0,-0.7801821999999998
2756900.0,-2.3048965733333335
2776800.0,-1.7750351433333322
2796700.0,-0.7301155133333332
2816600.0,1.29335581
2836500.0,-1.7322283600000006
2856400.0,-0.7644447466666671
2876300.0,-0.8867256033333327
2896200.0,-1.9404490766666658
2916100.0,-1.6258651666666653
2936000.0,-1.649531546666668
2955900.0,-0.31219102666666676
2975800.0,-0.1789247999999999
2995700.0,-0.2401810233333335
3015600.0,-2.0297071033333327
3035500.0,-0.4970901766666663
3055400.0,-0.2521364999999998
3075300.0,-1.7005028233333344
3095200.0,-2.352200833333334
3115100.0,-1.9463221266666677
3135000.0,-2.8085345133333335
3154900.0,-0.44261707999999994
3174800.0,-0.5169835366666666
3194700.0,-1.3529914866666664
3214600.0,2.1247125600000007
3234500.0,-0.7176562133333337
3254400.0,-2.174649576666668
3274300.0,-1.1767835566666647
3294200.0,-0.549219513333333
3314100.0,-2.0681971600000013
3334000.0,-2.3819278
3353900.0,-1.7147982199999996
3373800.0,0.7962872999999997
3393700.0,-2.1573796533333347
3413600.0,-2.0196597
3433500.0,0.7212127666666668
3453400.0,-1.1999667000000003
3473300.0,-1.8569562466666663
3493200.0,-1.2361579999999996
3513100.0,0.49381230000000004
3533000.0,-0.9812179933333334
3552900.0,-2.437524186666668
3572800.0,-1.9896011733333345
3592700.0,-0.7126767933333331
3612600.0,-1.4347969033333337
3632500.0,-3.4350248100000016
3652400.0,0.8645036733333332
3672300.0,-2.0074114700000014
3692200.0,-0.4613497333333336
3712100.0,-0.6862337999999994
3732000.0,-0.8015261200000005
3751900.0,-0.3086115700000003
3771800.0,-0.9373011600000003
3791700.0,-1.2434199166666664
3811600.0,-1.4329205966666672
3831500.0,0.8668678166666671
3851400.0,-1.4084854299999992
3871300.0,-1.3759348366666688
3891200.0,-1.7972445799999996
3911100.0,-0.3267444000000001
3931000.0,-1.1928868600000002
3950900.0,-0.35135014999999953
3970800.0,-0.5025541166666669
3990700.0,-0.8673240666666667
4010600.0,0.8172680999999998
4030500.0,-0.7495750966666663
4050400.0,-1.8201197666666653
4070300.0,-1.0312354999999995
4090200.0,-1.613367496666667
4110100.0,-1.262436166666665
4130000.0,-0.9571314533333338
4149900.0,-1.3643560000000008
4169800.0,-2.5615254666666654
4189700.0,-2.138726826666668
4209600.0,-1.020569896666667
4229500.0,-2.616346466666668
4249400.0,-0.9283296999999998
4269300.0,-2.4230156333333346
4289200.0,-0.9515935500000008
4309100.0,-3.1942359766666644
4329000.0,-2.3956731066666657
4348900.0,-2.7608187633333343
4368800.0,-3.679673773333335
4388700.0,-2.61290236
4408600.0,-1.8431628000000013
4428500.0,-1.8984870999999996
4448400.0,-3.320790136666667
4468300.0,-1.8470769166666663
4488200.0,-3.7067497399999985
4508100.0,-2.3653584899999998
4528000.0,-2.3021912133333333
4547900.0,-2.5331421300000008
4567800.0,-2.0967323766666683
4587700.0,-1.0361455333333338
4607600.0,-3.3534391066666682
4627500.0,-0.5296348966666667
4647400.0,-3.2422226200000015
4667300.0,-2.529010029999997
4687200.0,-3.5980013766666668
4707100.0,-2.1712135266666674
4727000.0,-2.981384599999999
4746900.0,-2.6242612399999987
4766800.0,-1.8561050699999981
4786700.0,-2.461903139999999
4806600.0,-4.022110793333335
4826500.0,-3.7175295733333305
4846400.0,-0.9171282399999996
4866300.0,-1.3473513
4886200.0,-3.0981860199999995
4906100.0,-0.7108759899999998
4926000.0,-3.6085151733333345
4945900.0,-0.17191340000000013
4965800.0,-2.6026690000000006
4985700.0,-1.4022671899999997
5005600.0,-2.86320952
5025500.0,-1.6205523
5045400.0,-2.334688326666666
5065300.0,-2.954588593333335
5085200.0,-3.150621813333332
5105100.0,-3.308655836666665
5125000.0,-2.0634905900000016
5144900.0,-1.72318042
5164800.0,-2.730546333333334
5184700.0,-1.0677188000000006
5204600.0,-0.4353368233333325
5224500.0,-1.7585299166666675
5244400.0,-2.162999766666667
5264300.0,-3.4611923400000015
5284200.0,-2.901345093333336
5304100.0,-4.086763806666671
5324000.0,-2.3862785466666665
5343900.0,-4.630168446666667
5363800.0,-1.7535163666666655
5383700.0,-3.218252090000001
5403600.0,-3.7152025999999987
5423500.0,-2.619028510000002
5443400.0,-2.677919573333334
5463300.0,-3.373520673333336
5483200.0,-1.889252989999999
5503100.0,-2.8892428466666686
5523000.0,-2.9366463066666673
5542900.0,-1.7054964599999998
5562800.0,-2.929721843333335
5582700.0,-4.53287022666667
5602600.0,1.9620968999999993
5622500.0,-3.424767343333334
5642400.0,-0.12819142333333325
5662300.0,-3.0932485333333317
5682200.0,-4.299137893333333
5702100.0,-1.5344968299999984
5722000.0,-5.0453359033333305
5741900.0,-2.800088253333335
5761800.0,-3.144344313333332
5781700.0,-2.331230719999999
5801600.0,-2.2082723566666664
5821500.0,-2.138208800000001
5841400.0,-2.7571658333333318
5861300.0,-3.381404913333334
5881200.0,-1.1544375200000005
5901100.0,-2.3175493866666668
5921000.0,-5.037855799999999
5940900.0,-3.5359639633333355
5960800.0,-2.361696166666667
5980700.0,-2.823456830000001
6000600.0,-2.8954012866666674
6020500.0,-0.9596550199999992
6040400.0,-1.0498402900000003
6060300.0,-3.6264488133333352
6080200.0,-4.5599357733333346
6100100.0,-2.5933023900000003
6120000.0,-0.8425346333333328
6139900.0,-2.1942141800000017
6159800.0,-1.449515539999999
6179700.0,-1.6983797999999994
6199600.0,-3.2165377666666646
6219500.0,-3.411123183333333
6239400.0,-3.3211667366666675
6259300.0,-4.192597713333334
6279200.0,-1.9297068533333332
6299100.0,-2.6522698066666646
6319000.0,-3.2899706999999987
6338900.0,-1.9920758666666682
6358800.0,-1.7292320433333332
6378700.0,-1.9697827766666667
6398600.0,-0.9344256000000006
6418500.0,-4.556681073333331
6438400.0,-3.959130619999999
6458300.0,-3.5516871066666655
6478200.0,-2.3239308566666668
6498100.0,-2.544999223333332
6518000.0,-4.4267253
6537900.0,-3.3571408799999984
6557800.0,-3.3463531333333347
6577700.0,-2.0017433733333347
6597600.0,-4.033096856666669
6617500.0,-3.2415622
6637400.0,-3.7955530833333335
6657300.0,-3.5738833333333333
6677200.0,-3.9156456200000025
6697100.0,-4.200554133333334
6717000.0,-3.688930783333331
6736900.0,-4.026187399999997
6756800.0,-2.9662640666666658
6776700.0,-2.5775469933333337
6796600.0,-4.431134830000002
6816500.0,-2.9299794466666698
6836400.0,-1.6449953800000001
6856300.0,-3.956084213333332
6876200.0,-3.9923134033333323
6896100.0,-2.861752613333336
6916000.0,-2.710751106666667
6935900.0,-2.7681038266666644
6955800.0,-1.5865486333333345
6975700.0,-4.049256403333333
6995600.0,-3.1256823300000023
7015500.0,-3.597632609999999
7035400.0,-3.1163408999999986
7055300.0,-3.3955935100000016
7075200.0,-3.077641313333335
7095100.0,-4.858529966666667
7115000.0,-2.130992659999999
7134900.0,-4.732119033333334
7154800.0,-3.160492189999998
7174700.0,-4.88997194
7194600.0,-3.9778129733333314
7214500.0,-3.259195753333335
7234400.0,-3.3166481133333323
7254300.0,-5.986112260000001
7274200.0,-3.317760506666668
7294100.0,-4.354877999999999
7314000.0,-2.619854530000003
7333900.0,-1.5501769933333334
7353800.0,-1.803978200000001
7373700.0,-4.288377640000001
7393600.0,-4.432106299999998
7413500.0,-2.6907270199999984
7433400.0,-4.922403003333334
7453300.0,-3.399492129999999
7473200.0,-4.223915629999996
7493100.0,-4.277349340000001
7513000.0,-4.286317446666669
7532900.0,-1.7311747166666671
7552800.0,-2.595965836666665
7572700.0,1.0295713000000004
7592600.0,-3.6493304333333327
7612500.0,-2.2266619999999993
7632400.0,-2.7814254899999997
7652300.0,-3.2862073666666665
7672200.0,-1.6851962
7692100.0,-2.6201029500000006
7712000.0,-2.5618670066666653
7731900.0,-3.9831461966666653
7751800.0,-4.8278096633333325
7771700.0,-3.2389208400000014
7791600.0,-1.9235300900000019
7811500.0,-4.29180044333333
7831400.0,-1.1168355500000005
7851300.0,-1.9403918000000002
7871200.0,-4.36208576
7891100.0,-2.1665006200000008
7911000.0,-1.3318255000000006
7930900.0,-1.456642890000001
7950800.0,-3.403230586666668
7970700.0,-4.065335880000003
7990600.0,-3.805865499999997
8010500.0,-3.3526197133333353
8030400.0,-2.655430596666665
8050300.0,-3.8690706999999995
8070200.0,-2.896228270000001
8090100.0,-3.191758226666669
8110000.0,0.2270657266666666
8129900.0,-4.493540439999999
8149800.0,-3.4998094999999987
8169700.0,-3.4673999000000024
8189600.0,-3.797104646666669
8209500.0,-3.6149765000000027
8229400.0,-3.971760049999997
8249300.0,-3.4975960066666674
8269200.0,-2.01832
8289100.0,-2.2016362733333334
8309000.0,-3.2966712933333318
8328900.0,-3.1848671200000007
8348800.0,-3.9505592200000033
8368700.0,-2.8253024099999986
8388600.0,-1.5990357033333322
8408500.0,-4.396901736666668
8428400.0,-5.248757186666671
8448300.0,-6.361148873333335
8468200.0,-3.2565989566666653
8488100.0,-5.417059049999994
8508000.0,-3.8899177666666684
8527900.0,-5.0881749466666655
8547800.0,-3.0301592700000026
8567700.0,-3.739970690000001
8587600.0,-0.8978351000000006
8607500.0,-3.8249878000000033
8627400.0,-4.658217123333333
8647300.0,-2.1818387666666657
8667200.0,-2.655312073333333
8687100.0,-3.0078204
8707000.0,-2.6439364000000007
8726900.0,-3.2974640166666687
8746800.0,-3.032935610000001
8766700.0,-3.1083844666666662
8786600.0,-2.9183573466666695
8806500.0,-3.865201069999999
8826400.0,-5.793605556666664
8846300.0,-0.6173479999999999
8866200.0,-3.1350970300000025
8886100.0,-2.8164835700000013
8906000.0,-2.62024768666667
8925900.0,-3.4872958066666677
8945800.0,-4.973282150000002
8965700.0,-3.7386564199999985
8985600.0,-4.1708712499999985
9005500.0,-2.118727400000001
9025400.0,-3.8328196233333363
9045300.0,-4.976975536666665
9065200.0,-2.9654620000000014
9085100.0,-2.4458457933333326
9105000.0,-4.1416008133333335
9124900.0,-4.440916970000003
9144800.0,-4.58380332333333
9164700.0,-1.8437350000000008
9184600.0,-3.2661338833333367
9204500.0,-3.681189193333333
9224400.0,-3.8911578066666697
9244300.0,-3.4393872733333355
9264200.0,-2.9166328800000003
9284100.0,-1.8639477999999996
9304000.0,-3.483091736666667
9323900.0,-3.0244651666666647
9343800.0,0.2979702866666667
9363700.0,-2.918066946666666
9383600.0,-2.3746808466666667
9403500.0,-3.694129443333331
9423400.0,-2.673925263333332
9443300.0,-1.8583269733333323
9463200.0,-3.7118486799999997
9483100.0,-4.83581468
9503000.0,-2.997912866666666
9522900.0,-2.115076973333334
9542800.0,-1.9204477966666673
9562700.0,-2.4980738900000006
9582600.0,-0.8966220000000005
9602500.0,-2.0289792999999987
9622400.0,-3.183168303333331
9642300.0,-2.688582123333334
9662200.0,-4.580846426666666
9682100.0,-4.4158485600000015
9702000.0,-2.3951482266666675
9721900.0,-3.5638259866666666
9741800.0,-3.603647899999999
9761700.0,-3.9634883000000007
9781600.0,-3.62968879333333
9801500.0,-3.4595380533333318
9821400.0,-3.568326320000002
9841300.0,-3.666409306666668
9861200.0,-3.0475075299999967
9881100.0,-3.59384361
9901000.0,-2.5607688933333317
9920900.0,-4.186665609999998
9940800.0,-4.752144150000003
9960700.0,-2.311356666666667
9980600.0,-3.1773201066666688
10000500.0,-3.7502197533333343
10020400.0,-3.2866302633333335
10040300.0,-4.324540223333335
10060200.0,-3.4216482033333318
10080100.0,-3.071364623333333
10100000.0,-3.2710732133333313
10119900.0,-3.671051300000001
10139800.0,-2.087516823333335
10159700.0,-3.425293460000001
10179600.0,-4.363400019999998
10199500.0,-4.842179133333333
10219400.0,-0.9596483999999996
10239300.0,-1.924171700000001
10259200.0,-3.132847613333333
10279100.0,-4.977707696666666
10299000.0,-1.7015131699999992
10318900.0,-2.879674533333331
10338800.0,-3.482719966666666
10358700.0,-2.869922126666666
10378600.0,-2.332069639999999
10398500.0,-4.643757886666667
10418400.0,-3.268624626666665
10438300.0,-3.1844436966666674
10458200.0,-3.133797193333332
10478100.0,-4.965772283333333
10498000.0,-2.7077115533333327
10517900.0,-2.19747193
10537800.0,-2.930462406666665
10557700.0,-2.7930864999999985
10577600.0,-2.794967900000002
10597500.0,-3.7618257999999978
10617400.0,-3.864266176666667
10637300.0,-4.758730343333332
10657200.0,-4.755991899999997
10677100.0,-1.3861437933333343
10697000.0,-3.064341236666666
10716900.0,-4.524287169999999
10736800.0,-2.752345053333332
10756700.0,-3.2734726166666666
10776600.0,-3.4599383199999987
10796500.0,-2.643058259999999
10816400.0,-2.7479632000000005
10836300.0,-2.798563183333333
10856200.0,-4.45594814
10876100.0,-4.46067637
10896000.0,-2.878258559999998
10915900.0,-4.964754803333334
10935800.0,-3.552781923333334
10955700.0,-2.189650713333335
10975600.0,-4.185324623333333
10995500.0,-3.282092066666666
11015400.0,-3.7149332633333336
11035300.0,-5.390354399999999
11055200.0,-3.968289953333333
11075100.0,-1.7205253666666664
11095000.0,-3.035476933333333
11114900.0,-4.214232419999998
11134800.0,-3.393719003333331
11154700.0,-3.0799222399999975
11174600.0,-4.11021502666667
11194500.0,-4.719235240000001
11214400.0,-4.106309249999998
11234300.0,-3.44261070666667
11254200.0,-0.27439910000000006
11274100.0,-2.4514009999999993
11294000.0,-2.9377748999999986
11313900.0,-4.549635336666667
11333800.0,-3.2415543166666643
11353700.0,-4.609385713333336
11373600.0,-4.386123416666665
11393500.0,-4.093334993333335
11413400.0,-3.912389670000002
11433300.0,-2.2931292666666683
11453200.0,-4.433575210000001
11473100.0,-4.271565256666663
11493000.0,-1.6518427833333331
11512900.0,-3.3505780700000036
11532800.0,-4.184310933333334
11552700.0,-3.2145050066666676
11572600.0,-4.269063616666666
11592500.0,-3.6895678666666685
11612400.0,-2.3700823666666664
11632300.0,-2.621768689999998
11652200.0,-0.8208488933333327
11672100.0,-2.686835773333333
11692000.0,-4.142486369999999
11711900.0,-4.837182873333333
11731800.0,-1.145334883333334
11751700.0,-2.663351720000002
11771600.0,-4.037045043333333
11791500.0,-1.3349994000000007
11811400.0,-2.9364135733333314
11831300.0,-3.1139925800000032
11851200.0,-2.8920723266666637
11871100.0,-2.942585299999999
11891000.0,-3.0679575699999972
11910900.0,-1.31055684
11930800.0,-2.7438158466666662
11950700.0,-2.8066289700000007
11970600.0,-3.095386239999997
11990500.0,-3.505020400000002
12010400.0,-4.530133833333333
12030300.0,-2.874746433333333
12050200.0,-3.1108617466666653
12070100.0,-3.512362466666665
12090000.0,-2.3576358
12109900.0,-4.069675443333332
12129800.0,-1.4361231766666678
12149700.0,-2.483524873333333
12169600.0,-0.5445864999999998
12189500.0,-4.317177859999998
12209400.0,-4.00245874
12229300.0,-1.4200441999999998
12249200.0,-2.4842684999999993
12269100.0,-2.3886919533333333
12289000.0,-4.380433179999997
12308900.0,-4.215362799999998
12328800.0,-0.07108183000000008
12348700.0,-1.6417239000000003
12368600.0,-5.13199617666667
12388500.0,-2.064101459999999
12408400.0,-3.5335566566666676
12428300.0,-1.4118853766666666
12448200.0,-3.4900354966666653
12468100.0,-4.007861100000001
12488000.0,-2.9930239866666652
12507900.0,-2.1994499000000007
12527800.0,-3.85479279
12547700.0,-3.1803621866666636
12567600.0,-4.444331623333331
12587500.0,-2.0384173599999986
12607400.0,-3.0133440999999985
12627300.0,-1.1460993500000007
12647200.0,-2.153396899999999
12667100.0,-1.3374295399999998
12687000.0,-2.8170703000000015
12706900.0,-3.933822130000002
12726800.0,-2.42351945
12746700.0,-3.090313986666665
12766600.0,-3.2828524
12786500.0,-1.924729689999998
12806400.0,-2.806489566666668
12826300.0,-2.6530159566666662
12846200.0,-3.49531761
12866100.0,-3.7041051299999994
12886000.0,-4.071536033333331
12905900.0,-2.291694146666667
12925800.0,-2.44629853
12945700.0,-3.414144653333336
12965600.0,-4.5158653399999995
12985500.0,-3.023556779999999
13005400.0,-3.5420687999999987
13025300.0,-5.261429089999999
13045200.0,-1.7612940699999997
13065100.0,-4.474392196666667
13085000.0,-1.3693064566666668
13104900.0,-4.290424390000001
13124800.0,-4.061700726666669
13144700.0,-4.222740463333334
13164600.0,-2.7184146
13184500.0,-0.9033986433333344
13204400.0,-3.0084661300000017
13224300.0,-3.3524175499999993
13244200.0,-4.218145026666665
13264100.0,-3.7599406299999982
13284000.0,-2.4659744566666664
13303900.0,-1.9097979000000007
13323800.0,-3.151583633333334
13343700.0,-5.127615383333336
13363600.0,-2.4879855499999994
13383500.0,-2.7790598866666656
13403400.0,-4.934620653333334
13423300.0,-3.1385652999999976
13443200.0,-1.9195531266666668
13463100.0,-2.9842598066666657
13483000.0,-3.098539506666668
13502900.0,-2.9191775366666683
13522800.0,-2.5865664499999994
13542700.0,-2.9596044266666657
13562600.0,-2.4545133333333333
13582500.0,-3.372230819999998
13602400.0,-2.9115283033333323
13622300.0,-3.252681259999998
13642200.0,-2.405644489999999
13662100.0,-3.0746953599999984
13682000.0,-3.316769466666669
13701900.0,-3.1039751599999996
13721800.0,-2.7631701199999994
13741700.0,-2.1506045
13761600.0,-1.716064699999999
13781500.0,-4.83205875
13801400.0,-3.2885296999999984
13821300.0,-3.8495994966666656
13841200.0,-2.0241777999999986
13861100.0,-3.5888705199999977
13881000.0,-4.023985566666665
13900900.0,-4.31311798666667
13920800.0,-4.01947965333333
13940700.0,-3.846386490000002
13960600.0,-3.988523883333334
13980500.0,-3.6229632000000005
14000400.0,-3.419901313333334
14020300.0,-4.0056541800000005
14040200.0,-2.9183372466666646
14060100.0,-3.1080660799999986
14080000.0,-4.658627103333333
14099900.0,-2.1025011999999994
14119800.0,-3.5347913200000014
14139700.0,-4.990708690000001
14159600.0,-0.5795215
14179500.0,-2.61609042
14199400.0,-3.1821688866666684
14219300.0,-3.4232981333333345
14239200.0,-4.935077693333335
14259100.0,-1.8580612100000018
14279000.0,-2.374539420000001
14298900.0,-3.8804476600000024
14318800.0,-4.068796826666666
14338700.0,-3.354023483333333
14358600.0,-4.3243423499999984
14378500.0,-2.1894153
14398400.0,-4.052034246666664
14418300.0,-2.446190200000002
14438200.0,-1.6343511499999992
14458100.0,-2.7336937500000023
14478000.0,-2.856974016666669
14497900.0,-3.261100000000001
14517800.0,-2.3027697300000014
14537700.0,-3.392981226666668
14557600.0,-3.5074180400000006
14577500.0,-3.5266003799999996
14597400.0,-4.824133849999996
14617300.0,-1.8514374400000018
14637200.0,-2.51790976
14657100.0,-0.8167780800000002
14677000.0,-4.256538410000002
14696900.0,-2.4454729999999993
14716800.0,-2.519091553333335
14736700.0,-2.122497799999999
14756600.0,-3.440754233333334
14776500.0,-2.918981460000002
14796400.0,-3.124394756666666
14816300.0,-3.7056246666666635
14836200.0,-3.5112755400000015
14856100.0,-2.250298319999998
14876000.0,-4.610306326666664
14895900.0,-3.992619606666666
14915800.0,-4.158584336666666
14935700.0,-4.115742270000003
14955600.0,-1.963583403333335
14975500.0,-3.1599789999999985
14995400.0,-4.14403407666667
15015300.0,-3.2426575133333326
15035200.0,-2.961457086666668
15055100.0,-2.2437217799999996
15075000.0,-7.832942200000004
15094900.0,-8.280506186666669
15114800.0,-6.912634029999994
15134700.0,-6.2252962999999975
15154600.0,-6.500602526666665
15174500.0,-8.127239006666661
15194400.0,-8.077835350000006
15214300.0,-7.389525363333328
15234200.0,-7.2939102466666705
15254100.0,-6.902871426666664
15274000.0,-6.860114043333334
15293900.0,-9.4454379
15313800.0,-8.170715599999996
15333700.0,-6.311424813333329
15353600.0,-7.144134833333335
15373500.0,-6.630188299999996
15393400.0,-6.778686799999997
15413300.0,-8.374708813333337
15433200.0,-6.51609117333333
15453100.0,-7.589218399999995
15473000.0,-8.112457303333333
15492900.0,-6.000567433333331
15512800.0,-6.811024733333335
15532700.0,-5.984260799999997
15552600.0,-8.010558833333334
15572500.0,-7.605950439999996
15592400.0,-7.653873203333329
15612300.0,-8.2512744
15632200.0,-6.505127200000003
15652100.0,-7.062134100000002
15672000.0,-8.134599819999998
15691900.0,-5.487485250000002
15711800.0,-6.396441923333334
15731700.0,-6.6422198
15751600.0,-7.713337716666669
15771500.0,-9.24256057
15791400.0,-7.3520001766666665
15811300.0,-9.254630279999995
15831200.0,-8.288903303333335
15851100.0,-6.365599053333335
15871000.0,-7.703287266666664
15890900.0,-5.1835177
15910800.0,-9.183981846666665
15930700.0,-5.319176256666666
15950600.0,-5.964889800000001
15970500.0,-6.953290040000004
15990400.0,-8.026172920000006
16010300.0,-8.634332019999999
16030200.0,-7.68019488666667
16050100.0,-6.080347690000003
16070000.0,-7.506552903333338
16089900.0,-7.137270876666673
16109800.0,-5.377330293333334
16129700.0,-7.971256793333329
16149600.0,-7.185544079999994
16169500.0,-6.460019699999998
16189400.0,-4.637825259999997
16209300.0,-6.702180739999998
16229200.0,-5.142937
16249100.0,-7.482589980000004
16269000.0,-7.071978500000005
16288900.0,-7.592337589999997
16308800.0,-6.601423159999997
16328700.0,-7.09053216333333
16348600.0,-7.650178063333336
16368500.0,-7.061915853333329
16388400.0,-8.037688946666673
16408300.0,-7.20930988333333
16428200.0,-6.290522299999998
16448100.0,-7.222099600000005
16468000.0,-7.11325123666667
16487900.0,-6.841156266666669
16507800.0,-6.842136390000004
16527700.0,-9.072692640000003
16547600.0,-7.281769099999997
16567500.0,-8.272096283333331
16587400.0,-8.307181586666667
16607300.0,-9.791375213333335
16627200.0,-6.88090846
16647100.0,-7.9538373833333385
16667000.0,-6.067190543333335
16686900.0,-7.1710505000000015
16706800.0,-7.517315920000003
16726700.0,-7.8662673799999965
16746600.0,-6.938560800000003
16766500.0,-7.837661006666665
16786400.0,-7.864741813333333
16806300.0,-7.678099626666668
16826200.0,-7.649762273333335
16846100.0,-9.254979976666666
16866000.0,-6.229141480000001
16885900.0,-8.940641066666664
16905800.0,-8.704532903333332
16925700.0,-6.264757569999998
16945600.0,-9.015492280000005
16965500.0,-7.452349879999999
16985400.0,-5.595041150000002
17005300.0,-7.420387786666663
17025200.0,-7.121273553333331
17045100.0,-8.82108029333333
17065000.0,-7.777660103333333
17084900.0,-7.262293796666671
17104800.0,-5.232367760000003
17124700.0,-8.36950478
17144600.0,-7.0538028
17164500.0,-8.136262266666666
17184400.0,-7.782569403333328
17204300.0,-5.737579120000003
17224200.0,-6.524197183333331
17244100.0,-5.423850056666662
17264000.0,-6.238216423333333
17283900.0,-8.467192069999994
17303800.0,-6.673675800000003
17323700.0,-7.452364399999997
17343600.0,-8.218300133333335
17363500.0,-7.783395440000006
17383400.0,-8.18215205333333
17403300.0,-7.289500450000001
17423200.0,-6.902929723333335
17443100.0,-7.987785346666664
17463000.0,-6.106010700000003
17482900.0,-6.003836056666662
17502800.0,-7.526076286666667
17522700.0,-6.84392959666667
17542600.0,-5.131010753333336
17562500.0,-4.548240173333332
17582400.0,-7.406727109999997
17602300.0,-6.284650479999996
17622200.0,-7.726450619999995
17642100.0,-5.920174936666667
17662000.0,-7.230376166666669
17681900.0,-7.5400484866666675
17701800.0,-6.213422433333337
17721700.0,-8.248719829999999
17741600.0,-7.694183109999997
17761500.0,-7.2146640100000035
17781400.0,-7.873147299999998
17801300.0,-6.52856831333333
17821200.0,-7.472720593333334
17841100.0,-6.380376926666665
17861000.0,-7.956003346666671
17880900.0,-6.414268526666668
17900800.0,-6.797001963333329
17920700.0,-6.001063293333335
17940600.0,-6.9047686399999995
17960500.0,-7.289006083333337
17980400.0,-6.163466450000001
18000300.0,-5.414322199999997
18020200.0,-6.918900819999998
18040100.0,-6.436874700000002
18060000.0,-6.888260910000004
18079900.0,-6.897934760000006
18099800.0,-8.295587949999994
18119700.0,-6.817220300000004
18139600.0,-6.3287669133333315
18159500.0,-9.073776510000004
18179400.0,-6.33622133666667
18199300.0,-8.659362299999998
18219200.0,-7.307058740000003
18239100.0,-8.2899249
18259000.0,-7.208123013333327
18278900.0,-8.816390993333334
18298800.0,-4.990043900000001
18318700.0,-5.676763133333334
18338600.0,-7.869464643333332
18358500.0,-7.642621633333338
18378400.0,-7.018931093333328
18398300.0,-8.485968529999996
18418200.0,-7.404067763333334
18438100.0,-6.068617539999996
18458000.0,-8.09902574
18477900.0,-7.622082779999994
18497800.0,-8.948502349999995
18517700.0,-8.176471226666669
18537600.0,-7.058713033333329
18557500.0,-6.103729500000003
18577400.0,-8.21528348
18597300.0,-8.919449853333335
18617200.0,-8.017289963333338
18637100.0,-5.608803099999999
18657000.0,-8.412879436666673
18676900.0,-7.9277209100000015
18696800.0,-6.023747023333337
18716700.0,-6.822486636666662
18736600.0,-5.752581039999998
18756500.0,-6.596306099999995
18776400.0,-8.266795633333334
18796300.0,-8.385539793333336
18816200.0,-6.347277103333331
18836100.0,-7.066370919999998
18856000.0,-6.769325500000002
18875900.0,-7.522583300000002
18895800.0,-7.969563560000004
18915700.0,-8.191351586666672
18935600.0,-6.935028853333331
18955500.0,-6.974727906666663
18975400.0,-8.73745399333333
18995300.0,-6.763450900000003
19015200.0,-7.8039146499999985
19035100.0,-7.676183590000002
19055000.0,-8.41721017333333
19074900.0,-5.676738259999997
19094800.0,-8.567876966666661
19114700.0,-6.550433620000002
19134600.0,-7.565381850000005
19154500.0,-8.94976477333333
19174400.0,-8.153031196666664
19194300.0,-7.898504940000004
19214200.0,-7.6534747133333365
19234100.0,-6.311660999999996
19254000.0,-5.884393560000001
19273900.0,-8.342980709999996
19293800.0,-7.045465089999997
19313700.0,-7.433557666666662
19333600.0,-7.033821403333336
19353500.0,-7.222623690000001
19373400.0,-8.376925699999994
19393300.0,-8.36192936333333
19413200.0,-8.194297290000003
19433100.0,-9.305010760000004
19453000.0,-8.65464684
19472900.0,-7.5215915
19492800.0,-7.1306160200000015
19512700.0,-6.890760066666663
19532600.0,-7.624731439999996
19552500.0,-8.218766550000003
19572400.0,-8.060982273333336
19592300.0,-8.114548000000006
19612200.0,-7.134945413333333
19632100.0,-9.707059500000005
19652000.0,-6.401000739999999
19671900.0,-7.634012379999995
19691800.0,-7.863502799999997
19711700.0,-6.53447241666667
19731600.0,-7.376573683333337
19751500.0,-7.555432440000003
19771400.0,-8.79618556
19791300.0,-6.189430013333335
19811200.0,-7.691952280000004
19831100.0,-6.321612586666663
19851000.0,-7.386772433333334
19870900.0,-6.939705686666666
19890800.0,-5.954923756666665
19910700.0,-8.96825231333333
19930600.0,-4.3260042999999975
19950500.0,-2.9768069
19970400.0,-7.68641993666667
19990300.0,-7.20507967666666
20010200.0,-8.201396469999997
20030100.0,-7.678025093333331
20050000.0,-5.78014148333333
20069900.0,-6.626570650000002
20089800.0,-7.347896560000003
20109700.0,-8.152271313333335
20129600.0,-8.07763445
20149500.0,-5.353398420000002
20169400.0,-8.084259300000001
20189300.0,-6.395180033333337
20209200.0,-7.394835170000001
20229100.0,-6.9861682000000025
20249000.0,-6.966392820000002
20268900.0,-7.791570573333333
20288800.0,-5.27377346666667
20308700.0,-6.0489700733333285
20328600.0,-6.988547009999996
20348500.0,-7.024683639999997
20368400.0,-5.849922499999999
20388300.0,-5.525619773333336
20408200.0,-8.714123083333332
20428100.0,-5.472532900000004
20448000.0,-7.0656486766666715
20467900.0,-6.4466703100000045
20487800.0,-7.9218066000000045
20507700.0,-6.606675249999997
20527600.0,-7.457092330000005
20547500.0,-7.1187004266666625
20567400.0,-6.788052149999998
20587300.0,-7.511997523333331
20607200.0,-9.131340269999999
20627100.0,-6.744091566666669
20647000.0,-7.5269625999999965
20666900.0,-5.826233199999999
20686800.0,-8.080317699999997
20706700.0,-7.35041021333333
20726600.0,-7.551201100000006
20746500.0,-5.840855650000001
20766400.0,-5.944734190000002
20786300.0,-6.914955663333338
20806200.0,-6.956837203333336
20826100.0,-7.187650869999997
20846000.0,-8.395542416666666
20865900.0,-6.260559350000002
20885800.0,-6.883997636666668
20905700.0,-7.920537633333336
20925600.0,-3.9978785466666684
20945500.0,-8.053149436666663
20965400.0,-8.805044813333327
20985300.0,-6.823778073333338
21005200.0,-8.194383513333335
21025100.0,-8.071054366666665
21045000.0,-7.283313486666666
21064900.0,-7.410808570000002
21084800.0,-6.586785123333332
21104700.0,-8.003702806666672
21124600.0,-7.101390320000001
21144500.0,-8.190258539999999
21164400.0,-5.376959513333331
21184300.0,-6.515962519999999
21204200.0,-5.157882236666667
21224100.0,-8.132420873333336
21244000.0,-5.825820666666666
21263900.0,-5.904495499999998
21283800.0,-6.546657330000006
21303700.0,-8.189741746666664
21323600.0,-6.943176499999995
21343500.0,-7.897929619999994
21363400.0,-7.243994420000004
21383300.0,-10.22207641666667
21403200.0,-7.940834586666665
21423100.0,-7.892863746666661
21443000.0,-7.733580016666663
21462900.0,-7.583421133333336
21482800.0,-8.57616044666666
21502700.0,-7.604628766666667
21522600.0,-7.120150559999999
21542500.0,-5.713955926666662
21562400.0,-8.65286714333334
21582300.0,-6.741412883333337
21602200.0,-7.375328823333333
21622100.0,-6.720459756666664
21642000.0,-7.261642486666672
21661900.0,-8.190982583333335
21681800.0,-7.019048080000002
21701700.0,-6.978302283333334
21721600.0,-7.595841966666663
21741500.0,-7.893318183333334
21761400.0,-6.5659223066666685
21781300.0,-8.608409636666668
21801200.0,-7.677348336666668
21821100.0,-8.430722079999999
21841000.0,-7.929366066666663
21860900.0,-6.7301562000000015
21880800.0,-8.505865746666665
21900700.0,-5.2320407
21920600.0,-6.580188516666666
21940500.0,-7.581351249999998
21960400.0,-7.58692783
21980300.0,-8.514357746666663
22000200.0,-7.968798579999994
22020100.0,-6.992396333333335
22040000.0,-7.327837146666665
22059900.0,-8.257054893333336
22079800.0,-8.548664873333335
22099700.0,-8.40943603333333
22119600.0,-7.128431
22139500.0,-8.177267476666671
22159400.0,-6.755058580000003
22179300.0,-6.857999416666667
22199200.0,-5.361362736666666
22219100.0,-8.327160910000005
22239000.0,-8.166814736666664
22258900.0,-8.038758336666662
22278800.0,-7.550831349999995
22298700.0,-7.266112026666664
22318600.0,-8.047081040000002
22338500.0,-6.641016636666663
22358400.0,-6.54166975666667
22378300.0,-6.5367282
22398200.0,-6.939896433333333
22418100.0,-7.7960447066666685
22438000.0,-6.918539700000002
22457900.0,-7.294113940000005
22477800.0,-7.829246799999995
22497700.0,-7.405720286666669
22517600.0,-6.682662736666662
22537500.0,-6.948958126666667
22557400.0,-8.478006743333339
22577300.0,-7.167319276666664
22597200.0,-6.676844536666665
22617100.0,-7.627623246666662
22637000.0,-8.997529373333334
22656900.0,-8.900382240000004
22676800.0,-6.074721026666669
22696700.0,-7.84891514666666
22716600.0,-11.379731259999994
22736500.0,-6.6606727666666625
22756400.0,-6.860418496666666
22776300.0,-7.454410593333339
22796200.0,-7.412934903333333
22816100.0,-7.86127986
22836000.0,-8.25816577333333
22855900.0,-8.18694076666667
22875800.0,-6.706237093333336
22895700.0,-5.833328053333334
22915600.0,-9.125229189999992
22935500.0,-6.9427569000000044
22955400.0,-6.915375000000003
22975300.0,-7.660081756666666
22995200.0,-7.557456983333332
23015100.0,-7.088850949999997
23035000.0,-8.364963293333334
23054900.0,-8.665786466666663
23074800.0,-6.881789686666669
23094700.0,-6.591359186666665
23114600.0,-7.945033553333335
23134500.0,-7.714790616666672
23154400.0,-5.371991266666667
23174300.0,-7.724089563333335
23194200.0,-7.7070327999999995
23214100.0,-6.098968813333332
23234000.0,-8.786973839999996
23253900.0,-5.993260183333337
23273800.0,-7.994810223333333
23293700.0,-7.89782996333334
23313600.0,-6.82799533666667
23333500.0,-8.625953433333333
23353400.0,-6.7152179
23373300.0,-5.800967166666669
23393200.0,-7.0405492400000025
23413100.0,-6.3291969433333355
23433000.0,-7.659766413333336
23452900.0,-6.793336756666663
23472800.0,-7.418215986666665
23492700.0,-6.161297099999999
23512600.0,-7.519610859999994
23532500.0,-7.120856986666669
23552400.0,-6.1447528
23572300.0,-6.900358880000002
23592200.0,-6.6974457133333285
23612100.0,-6.716349819999999
23632000.0,-8.536725356666667
23651900.0,-9.133096560000004
23671800.0,-6.937518059999998
23691700.0,-6.8645556433333335
23711600.0,-8.639695719999997
23731500.0,-7.996020003333332
23751400.0,-4.848419500000003
23771300.0,-7.24442012666667
23791200.0,-7.921884176666662
23811100.0,-5.86185786
23831000.0,-6.453430400000001
23850900.0,-5.594696300000001
23870800.0,-5.914853649999999
23890700.0,-7.068574006666666
23910600.0,-7.270900239999998
23930500.0,-8.221825906666671
23950400.0,-9.15835041333334
23970300.0,-6.82054825666667
23990200.0,-7.015627599999997
24010100.0,-8.788388599999992
24030000.0,-7.607316093333335
24049900.0,-7.472482560000002
24069800.0,-7.4580317233333355
24089700.0,-7.019878886666662
24109600.0,-6.265388800000002
24129500.0,-6.302495606666668
24149400.0,-7.48452255
24169300.0,-5.395693943333334
24189200.0,-7.850631709999994
24209100.0,-8.297898119999997
24229000.0,-7.607584656666663
24248900.0,-7.8006462733333315
24268800.0,-7.82847624
24288700.0,-6.7300455633333325
24308600.0,-6.200189019999996
24328500.0,-8.094055446666667
24348400.0,-5.803421769999999
24368300.0,-6.6127169000000015
24388200.0,-7.250428783333331
24408100.0,-7.725026723333328
24428000.0,-8.840508023333339
24447900.0,-7.394851993333331
24467800.0,-6.880523966666671
24487700.0,-9.12052691333333
24507600.0,-7.8694280266666645
24527500.0,-8.939127123333337
24547400.0,-7.812323780000002
24567300.0,-5.709435326666666
24587200.0,-7.017306283333334
24607100.0,-8.492685453333333
24627000.0,-7.456678789999996
24646900.0,-7.018982169999998
24666800.0,-6.6776428333333335
24686700.0,-6.824603016666663
24706600.0,-7.2909403799999986
24726500.0,-8.481701946666663
24746400.0,-8.536878460000004
24766300.0,-7.606883523333329
24786200.0,-6.917638399999998
24806100.0,-6.772628546666663
24826000.0,-7.170949559999995
24845900.0,-7.527379666666664
24865800.0,-7.923660600000003
24885700.0,-7.195865386666667
24905600.0,-8.001802340000003
24925500.0,-8.39780658333333
24945400.0,-6.569885499999999
24965300.0,-6.995370720000006
24985200.0,-7.513748433333338
25005100.0,-6.718494439999996
25025000.0,-7.688904100000001
25044900.0,-6.92805506666667
25064800.0,-6.848809299999995
25084700.0,-8.281004366666663
25104600.0,-4.269845316666669
25124500.0,-8.230214436666664
25144400.0,-7.112002299999998
25164300.0,-6.597486153333331
25184200.0,-6.498491929999999
25204100.0,-5.091133400000001
25224000.0,-7.11446258666667
25243900.0,-8.002650719999997
25263800.0,-8.033214066666671
25283700.0,-4.887810000000001
25303600.0,-8.335957373333338
25323500.0,-9.00291294
25343400.0,-8.840801240000001
25363300.0,-5.449182900000002
25383200.0,-5.873462216666668
25403100.0,-7.354261793333336
25423000.0,-6.880668139999997
25442900.0,-6.922862516666664
25462800.0,-6.844445553333333
25482700.0,-6.887146300000003
25502600.0,-6.994378653333328
25522500.0,-5.893150600000003
25542400.0,-7.354830933333337
25562300.0,-8.337754580000004
25582200.0,-7.974319770000003
25602100.0,-8.320325476666667
25622000.0,-7.677735133333338
25641900.0,-7.828816473333335
25661800.0,-7.591103126666665
25681700.0,-7.924490619999998
25701600.0,-7.978534966666663
25721500.0,-7.440874753333331
25741400.0,-8.268033653333335
25761300.0,-9.249167366666661
25781200.0,-8.026748959999999
25801100.0,-6.145838209999999
25821000.0,-7.756721800000003
25840900.0,-7.813597343333337
25860800.0,-7.901534303333334
25880700.0,-8.104613526666663
25900600.0,-6.758249160000003
25920500.0,-6.909687300000004
25940400.0,-6.552365900000004
25960300.0,-8.86494266
25980200.0,-7.9044390533333315
26000100.0,-5.4259723000000015
26020000.0,-7.675609130000004
26039900.0,-5.828697500000002
26059800.0,-7.367019420000004
26079700.0,-8.241620156666674
26099600.0,-8.098528596666666
26119500.0,-6.049896006666665
26139400.0,-9.094805946666664
26159300.0,-5.262478116666669
26179200.0,-7.870130170000007
26199100.0,-7.891118646666669
26219000.0,-7.475899020000002
26238900.0,-6.288017553333337
26258800.0,-6.1177355900000014
26278700.0,-7.524717220000002
26298600.0,-6.247134936666664
26318500.0,-6.562643700000004
26338400.0,-6.457329100000002
26358300.0,-6.488729379999998
26378200.0,-7.381935879999996
26398100.0,-6.48821921666667
26418000.0,-6.031152579999995
26437900.0,-6.4998400666666685
26457800.0,-7.579286710000002
26477700.0,-6.401631949999999
26497600.0,-6.388707533333334
26517500.0,-8.067810319999996
26537400.0,-7.7677930666666635
26557300.0,-5.525476330000001
26577200.0,-6.650886799999997
26597100.0,-6.994155686666662
26617000.0,-7.758633733333337
26636900.0,-7.425720509999995
26656800.0,-6.384963530000003
26676700.0,-6.19736048
26696600.0,-7.0342369266666696
26716500.0,-7.054031920000001
26736400.0,-8.40321352333333
26756300.0,-7.029116620000004
26776200.0,-7.535270980000001
26796100.0,-8.489096609999995
26816000.0,-8.382132753333336
26835900.0,-7.954040276666668
26855800.0,-6.7293094000000035
26875700.0,-6.083492016666663
26895600.0,-8.298692853333337
26915500.0,-5.974571499999997
26935400.0,-6.87615484666667
26955300.0,-6.338071506666666
26975200.0,-7.295906300000005
26995100.0,-6.393533326666666
27015000.0,-7.017434460000001
27034900.0,-7.158618680000005
27054800.0,-7.190532703333334
27074700.0,-4.958320900000001
27094600.0,-8.967863460000006
27114500.0,-7.179265396666665
27134400.0,-8.610418979999997
27154300.0,-6.56629717
27174200.0,-9.103262306666668
27194100.0,-7.308600153333332
27214000.0,-7.940060920000003
27233900.0,-8.179806806666672
27253800.0,-7.773467503333331
27273700.0,-7.8513908699999995
27293600.0,-7.506910213333333
27313500.0,-7.195450586666664
27333400.0,-3.9133151000000015
27353300.0,-7.680052480000002
27373200.0,-7.465627559999998
27393100.0,-7.6340579000000055
27413000.0,-6.276115699999999
27432900.0,-8.07376279333334
27452800.0,-7.28839344666667
27472700.0,-6.820105236666666
27492600.0,-6.044276233333334
27512500.0,-8.661718260000004
27532400.0,-5.970933026666662
27552300.0,-7.0598605199999955
27572200.0,-6.430665853333336
27592100.0,-5.561535400000002
27612000.0,-8.018146039999994
27631900.0,-7.500371579999998
27651800.0,-7.088610633333338
27671700.0,-7.5116638833333305
27691600.0,-9.441736106666669
27711500.0,-7.441259050000001
27731400.0,-7.521902746666665
27751300.0,-7.195002793333331
27771200.0,-8.479226683333332
27791100.0,-8.836562126666669
27811000.0,-6.553909593333328
27830900.0,-4.856135333333331
27850800.0,-7.104484849999998
27870700.0,-8.589912689999998
27890600.0,-7.896009093333332
27910500.0,-7.899897773333337
27930400.0,-5.498366596666664
27950300.0,-6.978889699999997
27970200.0,-4.7083132999999995
27990100.0,-7.578822853333329
28010000.0,-6.895517479999994
28029900.0,-8.037092589999997
28049800.0,-5.470177000000004
28069700.0,-6.801910700000001
28089600.0,-7.985369356666668
28109500.0,-7.083511353333336
28129400.0,-7.935139473333338
28149300.0,-7.852822140000006
28169200.0,-5.789500699999997
28189100.0,-7.6445874433333385
28209000.0,-6.708591956666667
28228900.0,-6.697838110000004
28248800.0,-7.799663576666669
28268700.0,-6.014845513333338
28288600.0,-7.4825480300000065
28308500.0,-6.107166820000003
28328400.0,-7.698866560000005
28348300.0,-8.189297780000002
28368200.0,-7.36543175666667
28388100.0,-6.922338643333333
28408000.0,-4.917773966666666
28427900.0,-7.979589136666664
28447800.0,-8.610758453333338
28467700.0,-6.205398800000002
28487600.0,-8.43464588333334
28507500.0,-9.37557455666666
28527400.0,-5.65689674
28547300.0,-5.867905923333335
28567200.0,-3.5924540500000024
28587100.0,-8.907136060000003
28607000.0,-9.092180653333333
28626900.0,-7.391448739999996
28646800.0,-6.301153863333335
28666700.0,-7.235711983333336
28686600.0,-5.724644753333338
28706500.0,-7.1138201933333285
28726400.0,-6.777619173333336
28746300.0,-8.918781326666673
28766200.0,-7.626642136666672
28786100.0,-6.956559513333337
28806000.0,-5.3304901600000045
28825900.0,-8.805205283333335
28845800.0,-7.373633063333334
28865700.0,-6.279242503333336
28885600.0,-8.903268960000007
28905500.0,-7.429840340000002
28925400.0,-6.575179793333338
28945300.0,-8.122264909999998
28965200.0,-9.156619523333335
28985100.0,-7.59233276666667
29005000.0,-7.118612706666666
29024900.0,-6.668579350000003
29044800.0,-8.15590973
29064700.0,-8.087820720000003
29084600.0,-6.931400610000001
29104500.0,-5.745295989999998
29124400.0,-6.335646340000003
29144300.0,-8.633153299999996
29164200.0,-7.950732740000002
29184100.0,-6.269478150000001
29204000.0,-5.282024879999999
29223900.0,-6.409225983333331
29243800.0,-6.914417260000003
29263700.0,-8.561415646666672
29283600.0,-8.409440880000004
29303500.0,-6.512080169999999
29323400.0,-8.82837325
29343300.0,-7.681309046666661
29363200.0,-6.8757174000000045
29383100.0,-5.8971103000000005
29403000.0,-8.586701186666675
29422900.0,-6.627745873333327
29442800.0,-8.167765533333334
29462700.0,-7.473149113333338
29482600.0,-7.237769349999999
29502500.0,-7.438954176666662
29522400.0,-6.6823643999999955
29542300.0,-6.043367766666665
29562200.0,-7.5977203833333355
29582100.0,-8.616175623333335
29602000.0,-6.75304945333333
29621900.0,-5.500568929999997
29641800.0,-6.044464366666667
29661700.0,-6.958231850000005
29681600.0,-8.19681882
29701500.0,-7.50076069666667
29721400.0,-7.951748916666673
29741300.0,-7.500909726666666
29761200.0,-8.792289209999998
29781100.0,-6.817049720000001
29801000.0,-6.633651526666664
29820900.0,-6.988676213333331
29840800.0,-7.758805856666672
29860700.0,-7.362041243333336
29880600.0,-7.406207279999998
29900500.0,-5.989119500000001
29920400.0,-7.690581266666664
29940300.0,-6.966490203333336
29960200.0,-6.339813499999999
29980100.0,-7.415618919999996
30000000.0,-6.099950190000002
